service_id,title,agency,category,description,official_url,source,language
1,Equivalency of Qualifications Issued Outside the Kingdom of Saudi Arabia,Ministry of Education,Education and Training,"Electronic service for requesting equivalency of university academic qualifications obtained outside Saudi Arabia. Applicants use the certificate equivalency portal, select the degree, enter certificate and previous academic degree information, and attach required documents.",https://my.gov.sa/en/services/18656,GOV.SA National Platform,English
2,Instant Medical Consultation Service,Ministry of Health,Health,"Provides remote medical consultations with Ministry of Health approved doctors. Users access the service through Sehhaty, enter information about their medical condition, and request an instant consultation.",https://my.gov.sa/en/services/236898,GOV.SA National Platform,English
3,Booking Medical Appointment,Ministry of Health,Health,"Allows users to book healthcare appointments, including healthcare center visits and remote consultations. Users can also manage, cancel, or reschedule appointments.",https://my.gov.sa/en/services/237229,GOV.SA National Platform,English
4,View the Hospitals and Health Centers Directory,Ministry of Health,Health,"Allows users to search for hospitals, health centers and accredited pharmacies in Saudi Arabia using an interactive map and view facility locations and information.",https://my.gov.sa/en/services/237280,GOV.SA National Platform,English
5,Suggestions and Complaints Services (937 Services),Ministry of Health,Health,"Allows beneficiaries to electronically submit suggestions, complaints or reports to the Ministry of Health and track submitted tickets.",https://my.gov.sa/en/services/237232,GOV.SA National Platform,English
6,Treatment Request Department System,Ministry of Health,Health,"Electronic system for managing treatment requests through the Unified Medical Referral Platform, including in-country treatment, overseas treatment and other treatment request pathways.",https://my.gov.sa/en/services/259198,GOV.SA National Platform,English
7,Transaction Inquiry Service,Ministry of Health,Health,Allows beneficiaries to electronically review the status of transactions previously submitted to Ministry of Health systems.,https://my.gov.sa/en/services/266208,GOV.SA National Platform,English
8,Health Practitioner Training Program,Ministry of Health,Employment and Training,Training program for eligible Saudi health practitioners. Applicants access the Ministry of Health portal and apply according to the program requirements.,https://my.gov.sa/en/services/272640,GOV.SA National Platform,English
9,Book an Appointment Civil Affairs,Ministry of Interior,Personal Documents,Allows beneficiaries to electronically book a new Civil Affairs appointment or modify an existing appointment and review service requirements before visiting the office.,https://my.gov.sa/en/services/2771538,GOV.SA National Platform,English
10,Public Security Appointments,Ministry of Interior,Safety and Interior Services,Allows citizens and residents to electronically book appointments with Public Security and Forensic Evidence departments through Absher.,https://my.gov.sa/en/services/538678,GOV.SA National Platform,English
11,Inquire about existing commercial agencies,Ministry of Commerce,Business and Entrepreneurship,Allows beneficiaries to electronically search and inquire about commercial agencies registered with the Ministry of Commerce.,https://my.gov.sa/en/services/736209,GOV.SA National Platform,English
12,Digital Branch Services,Ministry of Commerce,Business and Entrepreneurship,Allows businesses to electronically request Ministry of Commerce services requiring employee verification without visiting a physical service center.,https://my.gov.sa/en/services/240830,GOV.SA National Platform,English
13,E-Authorization,Ministry of Commerce,Business and Entrepreneurship,Allows establishment owners and company managers to electronically authorize individuals for selected services and manage their authorizations.,https://my.gov.sa/en/services/18866,GOV.SA National Platform,English
14,Document Verification Service,Ministry of Commerce,Business and Entrepreneurship,"Allows beneficiaries to electronically verify documents associated with commercial registers, certificates of origin and discount licenses.",https://my.gov.sa/en/services/18821,GOV.SA National Platform,English
15,Establish a Limited Liability Company,Ministry of Commerce,Business and Entrepreneurship,Electronic Saudi Business Center service for establishing a limited liability company and completing related business registrations electronically.,https://my.gov.sa/en/services/18740,GOV.SA National Platform,English
16,Establish a Simple Company,Ministry of Commerce,Business and Entrepreneurship,Electronic service through the Saudi Business Center for establishing a simple limited partnership and completing associated business registrations.,https://my.gov.sa/en/services/18743,GOV.SA National Platform,English
17,Renewal of Registration of a Commercial Agency,Ministry of Commerce,Business and Entrepreneurship,Allows beneficiaries to electronically apply to renew the registration of a commercial agency and receive the renewed certificate.,https://my.gov.sa/en/services/18917,GOV.SA National Platform,English
18,Search Licensed Consulting Professionals,Ministry of Commerce,Business and Entrepreneurship,Allows users to search the database of people licensed to practice consulting professions and view license information.,https://my.gov.sa/en/services/18830,GOV.SA National Platform,English
